old_spelling,new_spelling,english_meaning,word_type,match_keyword
agalibungubong,agalibungubong,steam,verb,steam
agatol,agatol,crab,noun,crab
agluto,agluto,cook,verb,cook
agsucar,agsukar,sugar,verb,sugar
alibung-ubong,alibung-ubong,steam,noun,steam
alingasaw,alingasaw,steam,noun,steam
arac,arak,wine,noun,wine
asin,asin,salt,noun,salt
basi,basi,wine,noun,wine
bawang,bawang,garlic,noun,garlic
bibingca,bibingka,cake,noun,cake
billaay,billaay,flour,noun,flour
bukel,bukel,grain,noun,grain
bunga,bunga,fruit,noun,fruit
cerveza,cerbesa,beer,noun,beer
cha,cha,tea,noun,tea
cocinero,cocinero,cook,noun,cook
dalayap,dalayap,lemon,noun,lemon
dalican,dalikan,stove,noun,stove
digo,digo,broth; soup,noun,broth; soup
diro,diro,honey,noun,honey
gatas,gatas,milk,noun,milk
gatasen,gatasen,milk,verb,milk
hamon,hamon,ham,noun,ham
harina,harina,flour,noun,flour
igisa,igisa,stew,verb,stew
imuco,imuko,knife,noun,knife
inapuy,inapuy,rice,noun,rice
inumen,inumen,beverage,noun,beverage
inumen,inumen,drink,verb,drink
ifrito,iprito,fry,verb,fry
itic,itik,duck,noun,duck
itlog,itlog,egg,noun,egg
calamansi,kalamansi,lemon,noun,lemon
calding,kalding,goat,noun,goat
camatis,kamatis,tomato,noun,tomato
canen,kanen,dish; food; meal,noun,dish; food; meal
cancanen,kankanen,cake,noun,cake
cappi,kappi,crab,noun,crab
carabasa,karabasa,pumpkin,noun,pumpkin
cardero,kardero,kettle,noun,kettle
carne,karne,meat,noun,meat
kinelnat,kinelnat,salad,noun,salad
cosina,kosina,kitchen,noun,kitchen
lana,lana,oil,noun,oil
lansita,lansita,knife,noun,knife
lasona,lasona,onion,noun,onion
laya,laya,ginger,noun,ginger
lechon,lechon,roast,noun,roast
lechonen,lechonen,roast,verb,roast
lechugas,lechugas,lettuce,noun,lettuce
lemon,lemon,lemon,noun,lemon
longganisa,longganisa,sausage,noun,sausage
mabisin,mabisin,hungry,adjective,hungry
maiz,mais,corn,noun,corn
malucong,malukong,bowl,noun,bowl
mangan,mangan,eat,verb,eat
manoc,manok,chicken,noun,chicken
mantiquilla,mantiquilla,butter,noun,butter
mawaw,mawaw,thirsty,adjective,thirsty
naalsem,naalsem,sour,adjective,sour
naapgad,naapgad,salty,adjective,salty
naata,naata,raw,adjective,raw
naimas,naimas,tasty,adjective,tasty
napait,napait,bitter,adjective,bitter
naramn,naramn,tasty,adjective,tasty
naricado,narikado,spicy,adjective,spicy
nateng,nateng,vegetable,noun,vegetable
orno,orno,oven,noun,oven
padaya,padaya,feast,noun,feast
pagapuyan,pagapuyan,stove,noun,stove
pagay,pagay,rice,noun,rice
pagbureken,pagbureken,boil,verb,boil
paglaoc,paglaok,spice,noun,spice
paglutuan,paglutuan,kitchen,noun,kitchen
pagsawsawan,pagsawsawan,sauce,noun,sauce
palanggana,palanggana,pan,noun,pan
panaderia,panaderia,bakery,noun,bakery
panadero,panadero,baker,noun,baker
panagcalap,panagkalap,fish,noun,fish
pang-ngaldaw,pang-ngaldaw,dinner,noun,dinner
panganan,panganan,restaurant,noun,restaurant
pangngaldaw,pangngaldaw,lunch,noun,lunch
pato,pato,duck,noun,duck
pepino,pepino,cucumber,noun,cucumber
pinggan,pinggan,dish; plate,noun,dish; plate
piña,piña,pineapple,noun,pineapple
pugon,pugon,oven; stove,noun,oven; stove
quiso,quiso,cheese,noun,cheese
raman,raman,taste,noun,taste
ramanan,ramanan,taste,verb,taste
repollo,repollo,cabbage,noun,cabbage
ricado,rikado,spice,noun,spice
salad,salad,salad,noun,salad
salamagi,salamagi,tamarind,noun,tamarind
salsa,salsa,sauce,noun,sauce
sibutas,sibutas,onion,noun,onion
sopas,sopas,soup,noun,soup
suca,suka,vinegar,noun,vinegar
tagapulot,tagapulot,sugar,noun,sugar
tarong,tarong,eggplant,noun,eggplant
tarson,tarson,food,noun,food
tinedor,tinedor,fork,noun,fork
tirem,tirem,oyster,noun,oyster
tosino,tosino,bacon,noun,bacon
tubbog,tubbog,juice,noun,juice
tuno,tuno,roast,noun,roast
tunuen,tunuen,roast,verb,roast
uvas,ubas,grape,noun,grape
uminom,uminom,drink,verb,drink
unas,unas,sugar cane,noun,sugar
